Questions and Answers,Other,Pests,0,DHAMRASLA,35,O,Nov
Questions and Answers,Cotton,Pests,0,DHAMRASLA,35,O,Nov
Questions and Answers,Cotton,Pests,0,DHAMRASLA,35,O,Nov
Questions and Answers,Cotton,Pests,0,DHAMRASLA,35,O,Nov
Questions and Answers,Cotton,Pests,0,DHAMRASLA,35,O,Nov
Questions and Answers,Cotton,Pests,0,DHAMRASLA,35,O,Nov
Questions and Answers,Cotton,Pests,0,DHAMRASLA,35,O,Nov
Questions and Answers,Cotton,Pests,0,DHAMRASLA,35,O,Nov
Questions and Answers,Cotton,Pests,0,DHAMRASLA,35,O,Nov
Questions and Answers,Cotton,Pests,0,DHAMRASLA,35,O,Nov
Questions and Answers,Cotton,Pests,0,DHAMRASLA,35,O,Nov
Questions and Answers,Cotton,Pests,0,DHAMRASLA,35,O,Nov
Questions and Answers,Cotton,Pests,0,DHAMRASLA,35,O,Nov
Questions and Answers,Cotton,Pests,0,DHAMRASLA,35,O,Nov
Questions and Answers,Cotton,Pests,0,DHAMRASLA,35,O,Nov
Questions and Answers,Cotton,Pests,0,DHAMRASLA,35,O,Nov
Questions and Answers,Cotton,Pests,0,DHAMRASLA,35,O,Nov
Questions and Answers,Cotton,Pests,0,DHAMRASLA,35,O,Nov
Questions and Answers,Cotton,Pests,0,DHAMRASLA,35,O,Nov
Questions and Answers,Cotton,Pests,0,DHAMRASLA,35,O,Nov
Questions and Answers,Cotton,Pests,0,DHAMRASLA,35,O,Nov
Questions and Answers,Cotton,Pests,0,DHAMRASLA,35,O,Nov
Questions and Answers,Cotton,Pests,0,DHAMRASLA,35,O,Nov
Questions and Answers,Cotton,Pests,0,DHAMRASLA,35,O,Nov
Questions and Answers,Cotton,Pests,0,DHAMRASLA,35,O,Nov
Questions and Answers,Groundnut,Fertilizers/Bio-organic,0,DHAJALA,35,O,Sep
Questions and Answers,Castor,Fertilizers/Bio-organic,0,DHAJALA,35,O,Sep
Questions and Answers,Cotton,Fertilizers/Bio-organic,91,DHAJALA,35,O,Sep
Questions and Answers,Cotton,Fertilizers/Bio-organic,0,DHAJALA,35,O,Sep
Questions and Answers,Onion,Fertilizers/Bio-organic,24,DHAJALA,35,O,Aug
Questions and Answers,Gram,Fertilizers/Bio-organic,0,DHAJALA,35,O,Sep
Questions and Answers,Cotton,Fertilizers/Bio-organic,0,DHAJALA,35,O,Sep
Questions and Answers,Groundnut,Fertilizers/Bio-organic,0,DHAJALA,35,O,Sep
Questions and Answers,Other,Fertilizers/Bio-organic,0,DHAJALA,35,O,Sep
Questions and Answers,Cotton,Fertilizers/Bio-organic,0,DHAJALA,35,O,Sep
Questions and Answers,Cotton,Fertilizers/Bio-organic,0,DHAJALA,35,O,Sep
Questions and Answers,Cotton,Fertilizers/Bio-organic,0,DHAJALA,35,O,Sep
Questions and Answers,Other,Fertilizers/Bio-organic,0,DHAJALA,35,O,Sep
Questions and Answers,Cotton,Fertilizers/Bio-organic,91,DHAJALA,35,O,Sep
Questions and Answers,Cotton,Fertilizers/Bio-organic,0,DHAJALA,35,O,Sep
Questions and Answers,Onion,Fertilizers/Bio-organic,0,DHAJALA,35,O,Sep
Questions and Answers,,Fertilizers/Bio-organic,0,DHAJALA,35,O,Sep
Questions and Answers,Cotton,Fertilizers/Bio-organic,0,DHAJALA,35,O,Sep
Questions and Answers,Cotton,Fertilizers/Bio-organic,0,DHAJALA,35,O,Sep
Questions and Answers,Sorghum,Fertilizers/Bio-organic,0,DHAJALA,35,O,Sep
Questions and Answers,Castor,Fertilizers/Bio-organic,0,DHAJALA,35,O,Sep
Questions and Answers,Cotton,Fertilizers/Bio-organic,0,DHAJALA,35,O,Sep
Questions and Answers,Cotton,Fertilizers/Bio-organic,0,DHAJALA,35,O,Sep
Questions and Answers,Gram,Fertilizers/Bio-organic,0,DHAJALA,35,O,Sep
Questions and Answers,Garlic,Diseases,0,DHAJALA,35,O,Sep
Questions and Answers,Cotton,Diseases,79,KESHARPAR,23,O,Oct
Questions and Answers,Cotton,Diseases,36,KESHARPAR,23,O,Aug
Questions and Answers,Cotton,Diseases,105,KESHARPAR,23,O,Sep
Questions and Answers,Cumin,Diseases,27,KESHARPAR,23,O,Jan
Questions and Answers,Castor,Diseases,58,KESHARPAR,23,O,Jan
Questions and Answers,Cumin,Diseases,8,KESHARPAR,23,O,Jan
Questions and Answers,Cotton,Diseases,0,KESHARPAR,23,O,Aug
Questions and Answers,Cotton,Diseases,79,KESHARPAR,23,O,Oct
Questions and Answers,Cumin,Diseases,11,KESHARPAR,23,O,Mar
Questions and Answers,Cotton,Diseases,17,KESHARPAR,23,O,Sep
Questions and Answers,Cotton,Diseases,14,KESHARPAR,23,O,Aug
Questions and Answers,Chilli,Diseases,28,KESHARPAR,23,O,Aug
Questions and Answers,Other,Diseases,16,KESHARPAR,23,O,Aug
Questions and Answers,Cotton,Diseases,0,KESHARPAR,23,O,Aug
Questions and Answers,Onion,Diseases,31,KESHARPAR,23,O,Jan
Announcements,Other,Diseases,33,KESHARPAR,23,O,Aug
Questions and Answers,Brinjal,Diseases,114,KESHARPAR,23,O,Sep
Questions and Answers,Cotton,Diseases,27,KESHARPAR,23,O,Aug
Questions and Answers,Cumin,Diseases,9,KESHARPAR,23,O,Mar
Announcements,Maize,Diseases,6,KESHARPAR,23,O,Nov
Questions and Answers,Brinjal,Diseases,91,KESHARPAR,23,O,Sep
Questions and Answers,Cotton,Diseases,10,KESHARPAR,23,O,Sep
Questions and Answers,Cotton,Diseases,18,KESHARPAR,23,O,Aug
Announcements,Gram,Diseases,42,KESHARPAR,23,O,Jan
Questions and Answers,Cumin,Diseases,154,KESHARPAR,23,O,Jan